{
  "name": "Soap Game",
  "revisionLabel": "Remixed",
  "description": "DESCRIPTION:\r\n\r\n\r\n\r\nYou are in prison, in the showers. You drop the soap, and your cellmate is waiting for you to pick it up. You must move it to a safe spot so you can pick it up safely by pushing it with your feet, all while trying to shake off your pursuer chasing you through the showers.\r\n\r\n\r\n\r\nHOW TO PLAY:\r\n\r\n\r\n\r\nMove forward: W\r\n\r\nMove backward: S\r\n\r\nMove left: A\r\n\r\nMove right: D\r\n\r\nLook behind: SPACE\r\n\r\nKick the soap: Point the cursor where you want to send it, then left-click\r\n\r\nPick up the soap: Point the cursor at the soap and hold down the F key\r\n\r\n\r\n\r\nFOLLOW US:\r\n\r\n\r\n\r\nFacebook: https://www.facebook.com/profile.php?id=61576690151467\r\nX: https://x.com/soapgamebyp",
  "mode": "Multifile",
  "exportDate": "2025-06-01T15:28:08.251Z"
}